sid,solublility|0=Insoluble|1=Soluble,fasta,Partition
AaCD00331182,1,MTYKDGTYSSDGTYTSPNGLETVGVELTLAADKVSAVNITVHPSNPNTKKFQGEFASGIAAQIVGKDIDELNVSKVAGSSLTSGGFNEAVEQIKSQAK,0.0
AaCD00343815,0,MDHLGRPEVLTNLSKTVVWKSQNNSYDSNVIQSSIGQFNIGLPGQYYDVESGLWYNWNRYFDGTVGRYTQPDPIGLAGGVNTYTYVGNNPVNFIDPYGLWS,0.0
AaCD00540113,1,MVTVIVQEGEPIEKVLKRFKARVEQEQILTELKRREYYEPPSERKKKRERNRRKKILKALKKQQQLI,0.0
AbCD00583997,1,MWTYQKADNPVFQYKAETTFDVPLERAVAVILDVDRAAQWVPYMGKVQMLSQDEKKGEFTLYMVLDFPFPLKD,0.0
AhCD00384692,1,MEIYVFTPEGRIMELPAGATPVDFANTVHTDIGHACVGSRVDRHPYPLSSPLHSGQTVEIITAPGARPNAAW,0.0
AaCD00331183,1,MTAMNILVLGSDSRGSSDADVEANTATDQRADTLMLVHVPADRKKTYAISLMRDLWIDIPGVGESKINAALAYGGVPLMVQTVESLLQQRIDHVAMIDFQGFKGLTDALGGVEVDVRIPFAPSSGPKAGQVYDAGKQTLNGDEALAFVRERKAFSDGDYQRVRNQQAYLKAIIGKVIARETLTNPVTISNMVSAVSPFVSVDKDFDAAAIGSLALSMKDVRAQDTVMFTLPTLGTGTSPDGQSIVLADTTAIADVTAALAKDQVDAYITAHALDKGF,1.0
AaCD00331184,1,MKAEGNTAMNILVLGSDSRGSSDADVEANTATDQRADTLMLVHVPADRKKTYAISLMRDLWIDIPGVGESKINAALAYGGVPLMVQTVESLLQQRIDHVAMIDFQGFKGLTDALGGVEVDVRIPFAPSSGPKAGQVYDAGKQTLNGDEALAFVRERKAFSDGDYQRVRNQQAYLKAIIGKVIARETLTNPVTISNMVSAVSPFVSVDKDFDAAAIGSLALSMKDVRAQDTVMFTLPTLGTGTSPDGQSIVLADTTAIADVTAALAKDQVDAYITAHALDKGF,1.0
AaCD00331185,1,MQSFNSGSTKIHNAFPEESTRPQKAEGNTAMNILVLGSDSRGSSDADVEANTATDQRADTLMLVHVPADRKKTYAISLMRDLWIDIPGVGESKINAALAYGGVPLMVQTVESLLQQRIDHVAMIDFQGFKGLTDALGGVEVDVRIPFAPSSGPKAGQVYDAGKQTLNGDEALAFVRERKAFSDGDYQRVRNQQAYLKAIIGKVIARETLTNPVTISNMVSAVSPFVSVDKDFDAAAIGSLALSMKDVRAQDTVMFTLPTLGTGTSPDGQSIVLADTTAIADVTAALAKDQVDAYITAHALDKGF,1.0
AaCD00343391,1,MANTATDQRADTLMLVHVPADRKKTYAISLMRDLWIDIPGVGESKINAALAYGGVPLMVQTVESLLQQRIDHVAMFDFQGFKGLTDALGGVEVDVRIPFAPSSGPKAGQVYDAGKQTLNGDEALAFVRERKAFSDGDYQRVRNQQAYLKAIIGKVIARETLTNPVTISNMVSAVSPFVSVDKDFDAAAIGSLALSMKDVRAQDTVMFTLPTLGTGTSPDGQSIVLADTTAIADVTAALAKDQVDAYITAHALDKGF,1.0
AbCD00539648,0,MTGSCSDLLGFQYNNTVISSATLQETGTLTVANKPIGAHCLVKGYMDQHVSPVDGQTYQIGFEMRLPIDWNGRFLYQGNGGTDGNLVPATGQVGSGGPLTNALHDGFAIISSDAGHNASQNPMFGLDPQARINYGYGAITKLTPMAKNLIKAAYGKLPDRSYAGGTSNGGRHAMIAATRLGDQYDGILASTPGFHLPRAAAAQLYTAQQLRRVATDENDLSTALTLPERKVLAKAILDRCDALDGVTDGLVQDVEACRTAFDIHKHVTVCSSTRDGTCLSTEQIDVLANIYRGPVNSAGQALYATQPFDPGLVGSNWASWKFESSVGTARDPVAVGILFQVPPDPTVTQNSRQFALNFNFDTDYPKLSATNDVYTESSMSFMMPPDELNLDKLRNHGGKMIVVQGTADGVFSVDDTQNWYDQLLQHYKNDAKGTAPEFARFFRVPGMNHTRDGIATDQFDALTALVNWVEYGQAPDKIIATARG,1.0
AaCD00331621,1,MNAPVKFEYFKNPKNRELTAVELEAFAKELDQIKQEVLDDIGEKDAKYIRRVYSAVRYSSMLGRACLFAGWFPPAWILGTGLLGFSKIMENMELGHNVMHGQYDWMNDPKFNGQTYEWDTVGTADNWRQTHNYKHHTYTNIKGIDDDIGYGLLRLFPEQRWKPGFLLQPIYSIPFCMLFQWGVAIQNLEIGKLIYKRKTWKQFKQECKPTQKKIGKQLFKDYVFFPLIAGPAALPVFTGNLVANGIRNAWTFSIIFCGHFTKDVEVFPKTVLQNETRGHWYMRQIRGSSNLTGSEAFHILTGHLSHQIEHHLFPDVPARRYRQMAPKVEAVCKKYGLNYNNASLFKQYGQVLGRIVKYAFPFKK,2.0
AaCD00331622,0,MEADAKYIYKIRNFVRYSEIASRGMLMFGGWIPPVWLAGTGLLGLSKIVENMELGHNVMHGQFDWLNDPSLNGANYDWDTIATGDDWKHTHNYVHHTYTNIVGKDHDVGYGLLRVSEQQKWEPRFLFNIPLGIQLMVLFEWYVGVQNLHLEDALVYKTKTWKQVWSDSTKFRKKLVRQVGKDYVFFPLIAGPNAVPVFLGNAVANVIRSLWASAVIFNGHFTEDAETFEEDNTATETRAQWYLRQIRGSSNFSGTEWLHILSGNLSHQIEHHLFPDMPANRYAEVAPKIKALCEEYGVNYNEANFVKQFWSVWVRLAKCSLPNGYTDQVSSKIQKMKTIFSLSK,2.0
AaCD00331623,1,MIGEKDAKYIRRVYSAVRYSSMLGRACLFAGWFPPAWILGTGLLGFSKIMENMELGHNVMHGQYDWMNDPKFNGQTYEWDTVGTADNWRQTHNYKHHTYTNIKGIDDDIGYGLLRLFPEQRWKPGFLLQPIYSIPFCMLFQWGVAIQNLEIGKLIYKRKTWKQFKQECKPTQKKIGKQLFKDYVFFPLIAGPAALPVFTGNLVANGIRNAWTFSIIFCGHFTKDVEVFPKTVLQNETRGHWYMRQIRGSSNLTGSEAFHILTGHLSHQIEHHLFPDVPARRYRQMAPKVEAVCKKYG,2.0
AaCD00331624,1,MGWIPPVWLAGTGLLGLSKIVENMELGHNVMHGQFDWLNDPSLNGANYDWDTIATGDDWKHTHNYVHHTYTNIVGKDHDVGYGLLRVSEQQKWEPRFLFNIPLGIQLMVLFEWYVGVQNLHLEDALVYKTKTWKQVWSDSTKFRKKLVRQVGKDYVFFPLIAGPNAVPVFLGNAVANVIRSLWASAVIFNGHFTEDAETFEEDNTATETRAQWYLRQIRGSSNFSGTEWLHILSGNLSHQIEHHLFPDMPANRYAEVAPKIKALCEEYGV,2.0
AaCD00343817,0,MENEMRYQQECRERFGPFQQPQNRHALWFHAVSVGETNAAQPLIEYYLKLGHPVLVTNTTKTGQARAKSLFLKSPYLELFQAVYLPVDQIFLLKQFFELYQPKLLALVETELWPNLIDQAQHYGVPTFLINARLSEKSAQGYARVSALSNAMLSRLTGLLAQDQSTQQRFIGLGLAREKAQVVGNIKFDIDVPLLFV,2.0
AaCD00334887,1,MQDEESLMWVQFGGDDGKQVVAELAMRADKYAVRTRDNSSPVLTGFEGVPTYAYSPAWVIEGRFEPYAEPMDVPIGTANPLVDGVHRSVGEVVFRAPGVPHEIRLHAEEEKLGALNVTFHDETNGDTTDEWRKVFIPRPRPDGSVVIDFNRAINYPSAFTPYGTCPMPVRGNSVDVRVEAGEKLPQG,3.0
AaCD00343816,0,MAVCHAIIVHPPAGIAGGDHLTFQVSTERKAHAVVTTPGAGKWYKTNGKQAFQHIYLNIANDSTLEWLPQETMLFDAAYAQSETIIHLDQTASFMGWDMLVLGRQARLETFEQGCYANRFKLYRNHKLLVADTLRFKGKDRWLSSCLGMNGHAVMGSFWAVAPEKYRATLYLEQHIELIRELMMRMDVPVTLTLLDDVVCARFLGDDVRACHDAFAAIRARLRRYWFD,3.0
AaCD00536511,0,MRTTSARTKATANGQRVLILSAGVGSGHNSAATAVQQACAARDDIAEVQVLDVLKVSSVLYRALLSKGYFVLVEDLPWLVEWGYDISNPPFRRRGPIDPWTRLNASPVISAIKQFRPTAIVCTHFLPAQLMASLLLRGVIDAKTAVVTTDYDFQGLSLSGAFHKIFVAREEGKVELMALGLPPDRVVATGIP,3.0
AaCD00536512,1,MRTKATANGQRVLILSAGVGSGHNSAATAVQQACAARDDITEVQVLDVLKVSSVLYRALLSKGYFVLVEDLPWLVEWGYDISNPPFRRRGPIDPWTRLNASPVISAIKQFRPTAIVCTHFLPAQLMASLLLRGVIDAKTAVVTTDYDFQGLSLSGAFHKIFVAREEGKVELMALGLPPDRVVATGIPITKQPS,3.0
AaCD00536513,0,MRTTSARTKATANGQRVLILSAGVGSGHNSAATAVQQACAARDDIAEVQVLDVLKVSSVLYRALLSKGYFVLVEDLPWLVEWGYDISNPPFRRRGPIDPWTRLNASPVISAIKQFRPTAIVCTHFLPAQLMASLLLRGVIDAKTAVVTTDYDFQGLSLSGAFHKIFVAREEGKVELMALGLPPDRVVATGIPITKQPS,3.0
AaCD00628066,1,MCIVALAWQVFDQIPLCLLSNRDEFYARPTTQLHLWENTPIIAGRDLQSGGTWMGITASGRWAVVTNFRDGHDKKIYDTSRGTLVEDFLLSDLAPIRFAKQLEQRQQHYAGFNLFMGDQSQAVYMSNRGEAPQVLAKGVYVVSNGLMSEHWEKTAHLRKRFTQEFVPMLQAEIAEHDLEYTAWDILEDERKVIPELLPSTGIHPDMEELLSSTFIQSPVYGTRCSNFLRLMKRRWIWAEKTQWGDHAGEMMRMDIQIQ,4.0
AaCD00666030,1,MTPTQNVPEDRIQIGQLRSAYGLNGWLWVYSNTEPMSNMFDYLPWYIETKAGWQTVDVKRWKPHGKGLVVSLKGVSDRTGAESLVGANIWIAKSQLPKADVDEYYWSDLKGLTVLGLDDEEQEVNLGQIHELFETGANDVMVVRATPDSIDSEERMIPWHKDVVQRVDLEAGRIYVNWGVDY,4.0
AbCD00584001,1,MLKTQKINIVQEFDAPVDKVFAALSEHENLSKLFAPAKVTRISNGKDARNGVGSARKMSIPFTPSFVETNLVYKENELIEYAITSGISPIKAHRGVMQFTDLGNNRTRLNYTISFKGRVPFIGPIIKAALQNGVSRGLKKLKF,4.0
AbCD00666019,0,MLLKQRINANVLVQDGDEPSEDPNELIKQVFALTQESNQLICRIHSTNAQAKLEDGKILLSLLSLRDSYAEQHKILIDAIANTHREPDRYSSREIKWKKVIPVSSLQKQADDISAKLRDLNVKIQAANWQIDLIN,4.0
ApCD00384922,0,MVDAGLVLAAGFSRRFRGLLGVHKVAAGVRGYPLLCYPVTSLALAGVDRVFVVASQFNLNVVELVLGHCPFRVSGVLISSLSTLGNGFSLVEGLREAGLRGSRCLAVSMADHVYPPSIARRLIEAGCNTLGVDSRPRYIEVGEATHVSLEPGAGVRLGKDVEGCCVDIGIHTIEAGIASIGCIDLPPRGEASVSQLITCAARKGYTFKLVDVDGGPWMEVDSPEDLERLLQGDGLEVLEAVRSEWGF,4.0
